phish_id,url,phish_detail_url,submission_time,verified,verification_time,online,target
7465927,https://tcnqpvv.cn,http://www.phishtank.com/phish_detail.php?phish_id=7465927,2022-03-17T03:32:00+00:00,yes,2022-03-17T03:41:45+00:00,yes,Other
7465926,https://kpkkjar.cn,http://www.phishtank.com/phish_detail.php?phish_id=7465926,2022-03-17T03:14:17+00:00,yes,2022-03-17T03:22:12+00:00,yes,Other
7465925,https://supports-opensea.com/,http://www.phishtank.com/phish_detail.php?phish_id=7465925,2022-03-17T03:06:49+00:00,yes,2022-03-17T03:12:24+00:00,yes,Other
7465922,https://ufjapan.nvzfh.cn,http://www.phishtank.com/phish_detail.php?phish_id=7465922,2022-03-17T02:54:12+00:00,yes,2022-03-17T03:02:42+00:00,yes,Other
7465920,http://opensea-bridge.com,http://www.phishtank.com/phish_detail.php?phish_id=7465920,2022-03-17T02:53:09+00:00,yes,2022-03-17T03:02:42+00:00,yes,Other
7465919,https://ufjapan.penjingw.cn,http://www.phishtank.com/phish_detail.php?phish_id=7465919,2022-03-17T02:49:24+00:00,yes,2022-03-17T02:52:36+00:00,yes,Other
7465916,https://aeoncojapan.nltwkp.cn,http://www.phishtank.com/phish_detail.php?phish_id=7465916,2022-03-17T02:45:05+00:00,yes,2022-03-17T02:52:36+00:00,yes,Other
7465912,https://marketplacexaeinfinity.com/,http://www.phishtank.com/phish_detail.php?phish_id=7465912,2022-03-17T02:40:41+00:00,yes,2022-03-17T02:42:20+00:00,yes,Other
7465911,http://axieliinfinity.site,http://www.phishtank.com/phish_detail.php?phish_id=7465911,2022-03-17T02:38:27+00:00,yes,2022-03-17T02:42:20+00:00,yes,Other
7465908,https://attmailkds.weebly.com/,http://www.phishtank.com/phish_detail.php?phish_id=7465908,2022-03-17T02:30:58+00:00,yes,2022-03-17T02:42:20+00:00,yes,Other
7465903,https://uni.sawp.online/,http://www.phishtank.com/phish_detail.php?phish_id=7465903,2022-03-17T02:26:10+00:00,yes,2022-03-17T02:33:08+00:00,yes,Other
7465891,http://zcomirm.co.vu/apvzs.html,http://www.phishtank.com/phish_detail.php?phish_id=7465891,2022-03-17T01:57:20+00:00,yes,2022-03-17T02:03:14+00:00,yes,Facebook
7465890,https://business-page-appeal-1258623-0.web.app/appeal.html,http://www.phishtank.com/phish_detail.php?phish_id=7465890,2022-03-17T01:45:51+00:00,yes,2022-03-17T01:52:15+00:00,yes,Facebook
7465889,https://business-page-appeal-1258623-0.web.app/check.html,http://www.phishtank.com/phish_detail.php?phish_id=7465889,2022-03-17T01:45:23+00:00,yes,2022-03-17T01:52:16+00:00,yes,Facebook
7465888,https://business-page-appeal-1258623-0.web.app/,http://www.phishtank.com/phish_detail.php?phish_id=7465888,2022-03-17T01:45:01+00:00,yes,2022-03-17T01:52:16+00:00,yes,Facebook
7465887,http://sepertikume.co.vu/Safety_Information.html,http://www.phishtank.com/phish_detail.php?phish_id=7465887,2022-03-17T01:43:46+00:00,yes,2022-03-17T01:52:16+00:00,yes,Facebook
7465886,https://terjalapakkz.topijerami.workers.dev/,http://www.phishtank.com/phish_detail.php?phish_id=7465886,2022-03-17T01:43:14+00:00,yes,2022-03-17T01:52:16+00:00,yes,Facebook
7465882,https://www.201bono-lnterbak.online/,http://www.phishtank.com/phish_detail.php?phish_id=7465882,2022-03-17T01:11:01+00:00,yes,2022-03-17T01:11:33+00:00,yes,Other
7465876,http://connect-metamask.com,http://www.phishtank.com/phish_detail.php?phish_id=7465876,2022-03-17T00:35:24+00:00,yes,2022-03-17T00:42:18+00:00,yes,Other
7465875,https://blogs.kimmatsko.com/sm10/Home/,http://www.phishtank.com/phish_detail.php?phish_id=7465875,2022-03-17T00:31:03+00:00,yes,2022-03-17T00:42:18+00:00,yes,ABSA Bank
7465874,http://axiinninfinitye.com,http://www.phishtank.com/phish_detail.php?phish_id=7465874,2022-03-17T00:29:14+00:00,yes,2022-03-17T00:32:04+00:00,yes,Other
7465872,https://www.eki-net.2leb6pd5.com,http://www.phishtank.com/phish_detail.php?phish_id=7465872,2022-03-17T00:18:29+00:00,yes,2022-03-17T00:22:39+00:00,yes,Other
7465871,https://wvw-interbnak.com/,http://www.phishtank.com/phish_detail.php?phish_id=7465871,2022-03-17T00:18:11+00:00,yes,2022-03-17T00:22:39+00:00,yes,Other
7465861,https://connecti-auonepay-jp.pwinuhi.cn/,http://www.phishtank.com/phish_detail.php?phish_id=7465861,2022-03-17T00:07:47+00:00,yes,2022-03-17T00:12:29+00:00,yes,Other
7465853,https://stramlpac.com/,http://www.phishtank.com/phish_detail.php?phish_id=7465853,2022-03-16T23:53:39+00:00,yes,2022-03-17T00:12:29+00:00,yes,Other
7465846,https://business-page-appeal-1263346-0.web.app/appeal.html,http://www.phishtank.com/phish_detail.php?phish_id=7465846,2022-03-16T23:41:46+00:00,yes,2022-03-16T23:51:58+00:00,yes,Facebook
7465845,https://business-page-appeal-1263346-0.web.app/check.html,http://www.phishtank.com/phish_detail.php?phish_id=7465845,2022-03-16T23:41:08+00:00,yes,2022-03-16T23:51:58+00:00,yes,Facebook
7465844,https://business-page-appeal-1263346-0.web.app/,http://www.phishtank.com/phish_detail.php?phish_id=7465844,2022-03-16T23:40:40+00:00,yes,2022-03-16T23:41:45+00:00,yes,Facebook
7465843,http://www.bancaporinternetempresas.banbifnet.com/,http://www.phishtank.com/phish_detail.php?phish_id=7465843,2022-03-16T23:40:12+00:00,yes,2022-03-16T23:41:45+00:00,yes,Other
7465842,http://next-step-100000558722346598263.tk/checkpoint_next.php,http://www.phishtank.com/phish_detail.php?phish_id=7465842,2022-03-16T23:34:38+00:00,yes,2022-03-16T23:41:45+00:00,yes,Facebook
7465841,http://next-step-10000085745696326530.tk/checkpoint_next.php,http://www.phishtank.com/phish_detail.php?phish_id=7465841,2022-03-16T23:33:24+00:00,yes,2022-03-16T23:41:45+00:00,yes,Facebook
7465840,http://next-step-10000085745696326529.tk/checkpoint_next.php,http://www.phishtank.com/phish_detail.php?phish_id=7465840,2022-03-16T23:32:41+00:00,yes,2022-03-16T23:41:45+00:00,yes,Facebook
7465839,http://next-step-10000085745696326528.tk/checkpoint_next.php,http://www.phishtank.com/phish_detail.php?phish_id=7465839,2022-03-16T23:31:56+00:00,yes,2022-03-16T23:41:45+00:00,yes,Facebook
7465838,http://next-step-100000558722346598264.tk/checkpoint_next.php,http://www.phishtank.com/phish_detail.php?phish_id=7465838,2022-03-16T23:30:35+00:00,yes,2022-03-16T23:41:45+00:00,yes,Facebook
7465836,http://next-step-100000558722346598267.tk/checkpoint_next.php,http://www.phishtank.com/phish_detail.php?phish_id=7465836,2022-03-16T23:28:38+00:00,yes,2022-03-16T23:41:45+00:00,yes,Facebook
7465833,http://next-step-100000558722346598265.tk/checkpoint_next.php,http://www.phishtank.com/phish_detail.php?phish_id=7465833,2022-03-16T23:27:58+00:00,yes,2022-03-16T23:32:04+00:00,yes,Facebook
7465832,http://Next-step-100000558722346598268.tk/checkpoint_next.php,http://www.phishtank.com/phish_detail.php?phish_id=7465832,2022-03-16T23:23:15+00:00,yes,2022-03-16T23:32:04+00:00,yes,Facebook
7465831,https://is.gd/AzzzrW?Confirmation,http://www.phishtank.com/phish_detail.php?phish_id=7465831,2022-03-16T23:23:14+00:00,yes,2022-03-16T23:32:04+00:00,yes,Facebook
7465830,http://Next-step-100000558722346598269.tk/checkpoint_next.php,http://www.phishtank.com/phish_detail.php?phish_id=7465830,2022-03-16T23:22:50+00:00,yes,2022-03-16T23:32:04+00:00,yes,Facebook
7465829,https://is.gd/lakbiy?Confirmation,http://www.phishtank.com/phish_detail.php?phish_id=7465829,2022-03-16T23:22:48+00:00,yes,2022-03-16T23:32:04+00:00,yes,Facebook
7465828,http://Next-step-10000085745696326527.tk/checkpoint_next.php,http://www.phishtank.com/phish_detail.php?phish_id=7465828,2022-03-16T23:22:26+00:00,yes,2022-03-16T23:32:04+00:00,yes,Facebook
7465827,https://is.gd/BHjoN2?Confirmation,http://www.phishtank.com/phish_detail.php?phish_id=7465827,2022-03-16T23:22:25+00:00,yes,2022-03-16T23:32:04+00:00,yes,Facebook
7465826,http://Next-step-100000558722346598261.tk/checkpoint_next.php,http://www.phishtank.com/phish_detail.php?phish_id=7465826,2022-03-16T23:22:06+00:00,yes,2022-03-16T23:32:04+00:00,yes,Facebook
7465824,http://Next-step-100000558722346598262.tk/checkpoint_next.php,http://www.phishtank.com/phish_detail.php?phish_id=7465824,2022-03-16T23:21:47+00:00,yes,2022-03-16T23:32:04+00:00,yes,Facebook
7465823,https://is.gd/L900lg?Confirmation,http://www.phishtank.com/phish_detail.php?phish_id=7465823,2022-03-16T23:21:46+00:00,yes,2022-03-16T23:32:04+00:00,yes,Facebook
7465819,https://attmailjcg.weebly.com/,http://www.phishtank.com/phish_detail.php?phish_id=7465819,2022-03-16T23:01:07+00:00,yes,2022-03-16T23:06:10+00:00,yes,Other
7465817,https://business-page-appeal-1263475-1.web.app/appeal.html,http://www.phishtank.com/phish_detail.php?phish_id=7465817,2022-03-16T22:55:03+00:00,yes,2022-03-16T23:06:10+00:00,yes,Facebook
7465816,https://business-page-appeal-1263475-1.web.app/check.html,http://www.phishtank.com/phish_detail.php?phish_id=7465816,2022-03-16T22:54:36+00:00,yes,2022-03-16T23:06:10+00:00,yes,Facebook
7465815,https://business-page-appeal-1263475-1.web.app/,http://www.phishtank.com/phish_detail.php?phish_id=7465815,2022-03-16T22:54:11+00:00,yes,2022-03-16T23:06:10+00:00,yes,Facebook
7465814,https://www41.wap-conect-online.website/?identity=4GsHOxwcuTiEqVVhaV5LDVLZDeT6cLFIBj66TJsXC5IirHBsrUj5cm2&amp;flow=bfS1OD4PhPOpleGJnTFtadlhaFGAvbxEhF1U90mCwAKHasP9Mys8gl6TncdobrC97NiMagnfDawD326Y7r06XdW&amp;cont=1&amp;link=aave&amp;campanha=maumau,http://www.phishtank.com/phish_detail.php?phish_id=7465814,2022-03-16T22:53:54+00:00,yes,2022-03-16T23:06:10+00:00,yes,Other
7465813,https://business-page-appeal-1634623-0.web.app/appeal.html,http://www.phishtank.com/phish_detail.php?phish_id=7465813,2022-03-16T22:53:28+00:00,yes,2022-03-16T23:06:10+00:00,yes,Facebook
7465812,https://business-page-appeal-1634623-0.web.app/check.html,http://www.phishtank.com/phish_detail.php?phish_id=7465812,2022-03-16T22:53:07+00:00,yes,2022-03-16T23:06:10+00:00,yes,Facebook
7465811,https://business-page-appeal-1634623-0.web.app/,http://www.phishtank.com/phish_detail.php?phish_id=7465811,2022-03-16T22:52:44+00:00,yes,2022-03-16T23:06:10+00:00,yes,Facebook
7465810,http://www.one-inch.xyz/,http://www.phishtank.com/phish_detail.php?phish_id=7465810,2022-03-16T22:47:16+00:00,yes,2022-03-16T22:53:03+00:00,yes,Other
7465808,https://www.visa.co.jp.fdgg.xyz/,http://www.phishtank.com/phish_detail.php?phish_id=7465808,2022-03-16T22:20:32+00:00,yes,2022-03-16T22:32:59+00:00,yes,Visa
7465803,https://local-eats.com.au,http://www.phishtank.com/phish_detail.php?phish_id=7465803,2022-03-16T22:05:57+00:00,yes,2022-03-16T22:10:10+00:00,yes,Optus
7465802,https://smbc-kdjf.shop/,http://www.phishtank.com/phish_detail.php?phish_id=7465802,2022-03-16T22:02:09+00:00,yes,2022-03-16T22:10:10+00:00,yes,Other
7465800,https://attmailhgdc.weebly.com/,http://www.phishtank.com/phish_detail.php?phish_id=7465800,2022-03-16T22:01:10+00:00,yes,2022-03-16T22:10:10+00:00,yes,Other
7465795,https://hhexfqq.cn,http://www.phishtank.com/phish_detail.php?phish_id=7465795,2022-03-16T21:55:55+00:00,yes,2022-03-16T22:10:10+00:00,yes,Other
7465789,https://sbcglobal00.weebly.com/,http://www.phishtank.com/phish_detail.php?phish_id=7465789,2022-03-16T21:30:56+00:00,yes,2022-03-16T21:32:20+00:00,yes,Other
7465788,http://grupo-ebisaenlinea02934234.atwebpages.com/,http://www.phishtank.com/phish_detail.php?phish_id=7465788,2022-03-16T21:21:27+00:00,yes,2022-03-16T21:32:20+00:00,yes,Other
7465787,http://www.bancaporlnternetlnterbarnk.sx7tqcyq.com/,http://www.phishtank.com/phish_detail.php?phish_id=7465787,2022-03-16T21:14:00+00:00,yes,2022-03-16T21:21:30+00:00,yes,Other
7465785,https://www41.conect-wap-online.space/?identity=iCtDLe6COBBrlEGwPVBoyaOkb4TEx8eoron7gAJwsYsvpSbkXSa1FCg&amp;flow=6iN0FJxADOLAkvcA8sGhALbf4Jt14SuRd98fVMOXGi6Bh5YonbuEyGYko7MaPnRJgGYrCEwXH0w49h8tDmoIF7X&amp;cont=1&amp;link=axieinfinity&amp;campanha=budega,http://www.phishtank.com/phish_detail.php?phish_id=7465785,2022-03-16T21:09:28+00:00,yes,2022-03-16T21:10:58+00:00,yes,Other
